{"lvis/bbox_AP": 0.298, "lvis/bbox_AP50": 0.465, "lvis/bbox_AP75": 0.324, "lvis/bbox_APs": 0.215, "lvis/bbox_APm": 0.383, "lvis/bbox_APl": 0.45, "lvis/bbox_APr": 0.227, "lvis/bbox_APc": 0.288, "lvis/bbox_APf": 0.341, "lvis/segm_AP": 0.299, "lvis/segm_AP50": 0.457, "lvis/segm_AP75": 0.319, "lvis/segm_APs": 0.207, "lvis/segm_APm": 0.389, "lvis/segm_APl": 0.462, "lvis/segm_APr": 0.246, "lvis/segm_APc": 0.293, "lvis/segm_APf": 0.328, "data_time": 0.016024595696277635, "time": 0.795808787303552}